scenario,month,fiscal_year,inst_total,mau_total,subs_paid,rev_subs_net,rev_ads,rev_aff,rev_b2b,rev_total,cogs_total,gross_profit,opex_total,ebit,cash_flow,cash_cum
base,1,1,1133.33,1133.33,27.99,315.67,0.0,0.0,0.0,315.67,461.33,-145.67,5324.0,-5469.67,-4486.54,-4486.54
base,2,1,1226.33,1385.62,56.94,522.41,0.0,0.0,0.0,522.41,463.86,58.55,1515.0,-1456.45,-482.03,-4968.57
base,3,1,1311.34,1631.22,86.71,729.21,0.0,0.0,0.0,729.21,466.31,262.89,1530.45,-1267.56,-316.11,-5284.68
base,4,1,1464.32,1945.01,119.07,956.64,47.8,0.0,0.0,1004.44,469.45,534.99,2046.36,-1511.37,-530.62,-5815.3
base,5,1,1564.93,2216.31,152.7,1182.72,54.03,0.0,0.0,1236.74,472.8,763.95,2087.75,-1323.81,-371.27,-6186.57
base,6,1,1671.44,2495.44,187.79,1415.16,60.41,0.0,0.0,1475.57,478.01,997.57,2130.89,-1133.32,-211.8,-6398.37
base,7,1,1785.05,2784.44,224.55,1655.68,67.02,27.84,0.0,1750.54,610.03,1140.51,2175.84,-1035.33,-147.06,-6545.42
base,8,1,1906.3,3084.73,263.19,1905.87,73.87,30.85,0.0,2010.58,635.62,1374.97,2222.69,-847.72,4.95,-6540.47
base,9,1,2035.7,3397.79,303.93,2167.3,81.0,33.98,0.0,2282.27,662.48,1619.79,2271.53,-651.74,162.86,-6377.61
base,10,1,2173.84,3725.14,346.98,2441.5,88.44,37.25,0.0,2567.19,690.77,1876.42,2322.43,-446.02,327.87,-6049.74
base,11,1,2321.32,4068.33,392.55,2730.03,96.23,40.68,0.0,2866.94,720.63,2146.31,2375.51,-229.19,501.21,-5548.53
base,12,1,2478.81,4428.98,440.87,3034.44,104.41,44.29,0.0,3183.14,752.2,2430.94,2430.84,0.09,684.05,-4864.48
base,13,2,2647.01,4798.24,481.62,3305.3,113.01,47.98,0.0,3466.29,1417.69,2048.61,4687.54,-2638.94,-1493.3,-6357.78
base,14,2,2826.49,5187.4,524.72,3591.04,122.07,51.87,0.0,3764.98,1494.1,2270.89,3648.71,-1377.83,-192.26,-6550.03
base,15,2,3018.22,5598.5,570.52,3893.71,131.63,55.99,0.0,4081.33,1575.04,2506.29,3711.46,-1205.18,17.36,-6532.67
base,16,2,3223.03,6032.88,618.64,4212.01,141.74,60.33,0.0,4414.09,1660.6,2753.48,3776.91,-1023.43,266.81,-6265.85
base,17,2,3441.84,6493.04,669.86,4550.12,152.45,64.93,0.0,4767.5,1751.22,3016.29,3845.18,-828.89,508.3,-5757.55
base,18,2,3675.63,6981.12,724.41,4909.7,163.8,69.81,0.0,5143.31,1847.59,3295.72,3916.39,-620.67,766.4,-4991.15
base,19,2,3925.45,7499.34,782.55,5292.43,175.85,74.99,0.0,5543.27,1950.17,3593.1,3990.68,-397.58,1042.83,-3948.33
base,20,2,4192.4,8050.04,844.54,5700.11,188.64,80.5,0.0,5969.25,2059.43,3909.82,4068.19,-158.37,1339.11,-2609.22
base,21,2,4477.68,8635.73,910.67,6134.63,202.24,86.36,0.0,6423.22,2175.86,4247.37,4149.06,98.3,1656.83,-952.39
base,22,2,4782.56,9259.06,981.23,6597.96,216.71,92.59,0.0,6907.27,2299.99,4607.28,4233.46,373.83,1997.68,1045.29
base,23,2,5108.42,9922.83,1056.54,7092.24,232.12,99.23,0.0,7423.59,2432.37,4991.22,4321.53,669.69,2363.46,3408.75
base,24,2,5456.7,10630.05,1136.94,7619.71,248.53,106.3,0.0,7974.54,2573.61,5400.93,4413.44,987.49,2756.07,6164.81
base,25,3,5828.96,11379.5,1218.38,8160.93,266.02,113.79,0.0,8540.74,2721.6,5819.14,7258.38,-1439.24,629.74,6794.55
base,26,3,6226.81,12178.54,1305.3,8738.47,284.66,121.79,0.0,9144.91,2877.15,6267.76,6259.52,8.24,2202.69,8997.24
base,27,3,6652.08,13030.89,1398.13,9355.18,304.55,130.31,0.0,9790.03,3043.19,6746.84,6364.06,382.79,2708.96,11706.2
base,28,3,7106.7,13940.12,1497.04,10012.65,325.76,139.4,0.0,10477.81,3220.33,7257.48,6473.19,784.29,3263.48,14969.68
base,29,3,7592.69,14910.57,1602.72,10714.97,348.4,149.11,0.0,11212.47,3409.39,7803.08,6587.14,1215.94,3847.83,18817.51
base,30,3,8112.24,15946.6,1715.63,11465.3,372.57,159.47,0.0,11997.34,3611.33,8386.0,6706.12,1679.89,4474.93,23292.44
base,31,3,8667.68,17052.86,1836.27,12267.03,398.37,170.53,0.0,12835.93,3827.07,9008.86,6830.36,2178.5,5148.06,28440.51
base,32,3,9261.51,18234.34,1965.2,13123.75,425.93,182.34,0.0,13732.02,4057.57,9674.45,6960.1,2714.34,5870.56,34311.07
base,33,3,9896.4,19496.36,2102.99,14039.31,455.36,194.96,0.0,14689.63,4303.87,10385.76,7095.61,3290.16,6646.03,40957.1
base,34,3,10575.2,20844.58,2250.26,15017.82,486.8,208.45,0.0,15713.07,4567.07,11146.0,7237.14,3908.86,7478.29,48435.38
base,35,3,11300.97,22285.08,2407.66,16063.69,520.39,222.85,0.0,16806.93,4848.35,11958.58,7384.97,4573.6,8371.46,56806.84
base,36,3,12076.98,23824.34,2575.9,17181.6,556.28,238.24,0.0,17976.12,5148.98,12827.14,7539.4,5287.74,9329.93,66136.77
bear,1,1,615.56,615.56,8.94,77.07,0.0,0.0,0.0,77.07,506.16,-429.09,5124.0,-5553.09,-5330.21,-5330.21
bear,2,1,642.88,687.58,17.64,124.95,0.0,0.0,0.0,124.95,506.88,-381.93,1300.0,-1681.93,-1469.41,-6799.62
bear,3,1,666.75,753.24,26.13,170.07,0.0,0.0,0.0,170.07,507.53,-337.47,1300.0,-1637.47,-1437.47,-8237.1
bear,4,1,716.51,842.03,34.87,216.41,5.25,0.0,0.0,221.67,508.42,-286.75,1600.0,-1886.75,-1690.69,-9927.79
bear,5,1,743.16,907.22,43.55,260.22,5.62,0.0,0.0,265.85,509.07,-243.23,1609.0,-1852.23,-1670.1,-11597.88
bear,6,1,770.66,971.19,52.23,303.06,5.98,0.0,0.0,309.04,509.71,-200.67,1618.27,-1818.94,-1651.32,-13249.2
bear,7,1,799.22,1034.51,60.98,345.35,6.34,1.86,0.0,353.55,559.72,-206.16,1627.82,-1833.98,-1681.39,-14930.59
bear,8,1,828.89,1097.56,69.84,387.47,6.69,1.98,0.0,396.14,566.65,-170.51,1637.65,-1808.17,-1671.13,-16601.72
bear,9,1,859.72,1160.67,78.86,429.72,7.04,2.09,0.0,438.86,573.68,-134.83,1647.78,-1782.61,-1661.7,-18263.42
bear,10,1,891.75,1224.13,88.07,472.37,7.4,2.2,0.0,481.97,580.85,-98.87,1658.22,-1757.09,-1652.88,-19916.3
bear,11,1,925.03,1288.22,97.51,515.65,7.75,2.32,0.0,525.72,588.17,-62.45,1668.96,-1731.41,-1644.5,-21560.8
bear,12,1,959.62,1353.21,107.2,559.76,8.11,2.44,0.0,570.31,595.67,-25.36,1680.03,-1705.39,-1636.41,-23197.21
bear,13,2,995.58,1415.53,113.39,590.63,8.48,2.55,0.0,601.65,883.93,-282.27,3390.43,-3672.71,-3535.91,-26733.13
bear,14,2,1032.92,1479.0,119.72,622.02,8.85,2.66,0.0,633.53,898.34,-264.81,2303.17,-2567.98,-2432.36,-29165.48
bear,15,2,1071.73,1543.88,126.23,654.17,9.23,2.78,0.0,666.18,913.14,-246.96,2315.27,-2562.23,-2428.31,-31593.8
bear,16,2,1112.08,1610.19,132.79,686.61,9.62,2.9,0.0,699.13,928.14,-229.01,2327.73,-2556.74,-2421.07,-34014.87
bear,17,2,1154.02,1678.28,139.57,720.0,10.02,3.02,0.0,733.04,943.59,-210.55,2340.56,-2551.11,-2416.54,-36431.41
bear,18,2,1197.62,1748.32,146.58,754.43,10.43,3.15,0.0,768.01,959.54,-191.53,2353.78,-2545.31,-2411.87,-38843.28
bear,19,2,1242.95,1820.48,153.84,790.0,10.85,3.28,0.0,804.12,976.01,-171.89,2367.39,-2539.28,-2407.0,-41250.29
bear,20,2,1290.07,1894.93,161.36,826.77,11.29,3.41,0.0,841.47,993.05,-151.58,2381.41,-2532.99,-2401.9,-43652.18
bear,21,2,1339.07,1971.81,169.15,864.85,11.74,3.55,0.0,880.13,1010.69,-130.56,2395.85,-2526.41,-2396.52,-46048.71
bear,22,2,1390.0,2051.3,177.23,904.29,12.2,3.69,0.0,920.18,1028.95,-108.77,2410.73,-2519.5,-2390.85,-48439.56
bear,23,2,1442.96,2133.55,185.61,945.17,12.68,3.84,0.0,961.7,1047.88,-86.19,2426.05,-2512.24,-2384.85,-50824.41
bear,24,2,1498.02,2218.72,194.31,987.58,13.18,3.99,0.0,1004.76,1067.51,-62.76,2441.83,-2504.59,-2378.49,-53202.9
bear,25,3,1555.26,2305.86,202.24,1027.37,13.69,4.15,0.0,1045.21,1086.27,-41.06,4407.09,-4448.15,-4297.64,-57500.54
bear,26,3,1614.77,2396.17,210.46,1068.64,14.23,4.31,0.0,1087.18,1105.72,-18.54,3324.83,-3343.38,-3188.86,-60689.4
bear,27,3,1676.65,2489.84,219.0,1111.49,14.78,4.48,0.0,1130.75,1125.92,4.84,3342.08,-3337.24,-3178.71,-63868.12
bear,28,3,1740.98,2586.98,227.82,1155.82,15.36,4.66,0.0,1175.84,1146.82,29.02,3359.84,-3330.82,-3167.06,-67035.18
bear,29,3,1807.87,2687.8,237.0,1201.88,15.95,4.84,0.0,1222.67,1168.53,54.15,3378.13,-3323.98,-3155.66,-70190.84
bear,30,3,1877.42,2792.46,246.53,1249.73,16.57,5.03,0.0,1271.33,1191.07,80.26,3396.98,-3316.72,-3143.64,-73334.48
bear,31,3,1949.73,2901.14,256.43,1299.46,17.22,5.22,0.0,1321.9,1214.5,107.4,3416.39,-3308.98,-3130.96,-76465.45
bear,32,3,2024.92,3014.02,266.72,1351.13,17.88,5.43,0.0,1374.44,1238.83,135.61,3436.38,-3300.77,-3117.59,-79583.04
bear,33,3,2103.09,3131.28,277.42,1404.84,18.58,5.64,0.0,1429.06,1264.12,164.93,3456.97,-3292.03,-3103.5,-82686.54
bear,34,3,2184.38,3253.1,288.54,1460.67,19.3,5.86,0.0,1485.82,1290.4,195.42,3478.18,-3282.76,-3088.64,-85775.18
bear,35,3,2268.9,3379.69,300.1,1518.69,20.05,6.08,0.0,1544.82,1317.72,227.1,3500.02,-3272.92,-3072.98,-88848.16
bear,36,3,2356.78,3511.23,312.12,1579.01,20.83,6.32,0.0,1606.15,1346.11,260.05,3522.52,-3262.48,-3056.49,-91904.65
bull,1,1,2350.0,2350.0,98.7,1370.09,0.0,0.0,0.0,1370.09,470.05,900.05,6324.0,-5423.95,-803.72,-803.72
bull,2,1,2624.5,3170.23,205.7,2281.23,0.0,0.0,0.0,2281.23,490.56,1790.66,2560.0,-769.34,3970.56,3166.84
bull,3,1,2871.02,3996.33,319.8,3227.66,0.0,0.0,0.0,3227.66,510.31,2717.34,2623.6,93.74,4849.22,8016.06
bull,4,1,3337.2,5067.89,450.23,4344.55,400.07,0.0,0.0,4744.63,539.19,4205.44,3691.02,514.42,5673.31,13689.36
bull,5,1,3645.98,6057.75,590.11,5482.46,473.72,0.0,0.0,5956.17,562.8,5393.37,3832.48,1560.89,6730.37,20419.74
bull,6,1,3976.38,7104.55,740.3,6692.23,551.4,0.0,0.0,7243.62,587.7,6655.93,3983.13,2672.8,7840.22,28259.96
bull,7,1,4334.69,8217.99,901.91,7983.99,633.87,369.81,0.0,8987.67,957.92,8029.75,4143.56,3886.19,9047.34,37307.3
bull,8,1,4723.49,9405.39,1076.12,9367.45,721.65,423.24,0.0,10512.34,1048.59,9463.76,4314.43,5149.33,10300.15,47607.45
bull,9,1,5145.52,10674.55,1264.2,10852.87,815.31,480.35,0.0,12148.54,1146.08,11002.46,4496.4,6506.06,11642.37,59249.82
bull,10,1,5603.73,12033.85,1467.51,12451.17,915.47,541.52,0.0,13908.16,1251.09,12657.06,4690.21,7966.86,13084.36,72334.18
bull,11,1,6101.35,13492.36,1687.51,14173.99,1022.77,607.16,0.0,15803.92,1364.36,14439.56,4896.63,9542.93,14637.22,86971.4
bull,12,1,6641.88,15059.9,1925.78,16033.85,1137.94,677.7,0.0,17849.48,1486.69,16362.79,5116.48,11246.3,16312.8,103284.19
bull,13,2,7229.13,16713.93,2150.91,17847.22,1261.74,752.13,0.0,19861.09,3864.68,15996.41,8549.66,7446.75,15354.76,118638.95
bull,14,2,7866.27,18494.2,2393.95,19801.91,1394.93,832.24,0.0,22029.08,4237.4,17791.68,7700.08,10091.6,18492.81,137131.76
bull,15,2,8558.65,20414.14,2657.28,21916.03,1538.45,918.64,0.0,24373.12,4640.11,19733.01,7965.76,11767.26,20645.19,157776.95
bull,16,2,9311.22,22484.14,2939.95,24188.0,1693.31,1011.79,0.0,26893.1,5075.81,21817.29,8248.75,13568.54,23207.09,180984.03
bull,17,2,10129.22,24720.96,3246.52,26649.16,1860.54,1112.44,0.0,29622.15,5545.28,24076.87,8550.2,15526.67,25766.54,206750.57
bull,18,2,11018.56,27140.17,3579.23,29317.41,2041.32,1221.31,0.0,32580.04,6054.31,26525.73,8871.31,17654.42,28541.96,235292.53
bull,19,2,11985.55,29758.6,3940.43,32211.78,2236.89,1339.14,0.0,35787.8,6606.56,29181.24,9213.37,19967.87,31558.61,266851.14
bull,20,2,13037.08,32594.49,4332.7,35352.88,2448.6,1466.75,0.0,39268.24,7205.94,32062.29,9577.76,22484.53,34839.19,301690.33
bull,21,2,14180.64,35667.7,4758.8,38763.08,2677.95,1605.05,0.0,43046.07,7856.69,35189.38,9965.95,25223.43,38408.22,340098.55
bull,22,2,15424.4,38999.78,5221.77,42466.66,2926.53,1754.99,0.0,47148.17,8563.42,38584.76,10379.5,28205.26,42292.39,382390.94
bull,23,2,16777.24,42614.16,5724.9,46489.99,3196.09,1917.64,0.0,51603.71,9331.13,42272.58,10820.06,31452.51,46520.73,428911.67
bull,24,2,18248.84,46536.32,6271.76,50861.74,3488.52,2094.13,0.0,56444.4,10165.3,46279.11,11289.43,34989.67,51124.84,480036.51
bull,25,3,19849.71,50776.84,6849.1,55508.78,3805.9,2284.96,0.0,61599.64,11069.39,50530.25,16038.5,34491.75,53317.34,533353.85
bull,26,3,21590.82,55380.51,7476.28,60556.87,4150.42,2492.12,0.0,67199.42,12034.93,55164.49,15472.27,39692.22,60061.15,593415.0
bull,27,3,23485.1,60380.64,8158.1,66044.23,4524.56,2717.13,0.0,73285.92,13084.03,60201.88,16039.91,44161.97,66179.1,659594.11
bull,28,3,25546.15,65811.33,8897.99,72001.18,4930.97,2961.51,0.0,79893.66,14224.32,65669.35,16644.71,49024.63,72964.87,732558.98
bull,29,3,27788.74,71712.51,9702.53,78478.32,5372.54,3227.06,0.0,87077.93,15462.65,71615.28,17289.12,54326.16,80239.35,812798.33
bull,30,3,30229.03,78126.29,10577.5,85522.17,5852.43,3515.68,0.0,94890.28,16809.19,78081.09,17975.74,60105.35,88162.9,900961.23
bull,31,3,32884.56,85098.47,11529.16,93183.14,6374.05,3829.43,0.0,103386.62,18273.61,85113.01,18707.36,66405.65,96796.94,997758.18
bull,32,3,35774.46,92678.89,12564.32,101516.12,6941.13,4170.55,0.0,112627.79,19866.37,92761.42,19486.94,73274.49,106205.84,1103964.02
bull,33,3,38919.56,100921.78,13690.39,110580.84,7557.73,4541.48,0.0,122680.04,23748.89,98931.16,20317.64,78613.51,114309.69,1218273.72
bull,34,3,42342.51,109886.22,14915.44,120442.33,8228.27,4944.88,0.0,133615.47,25633.58,107981.89,21202.84,86779.05,125484.88,1343758.59
bull,35,3,46068.03,119636.51,16248.25,131171.39,8957.56,5383.64,0.0,145512.59,27683.97,117828.62,22146.14,95682.48,137664.64,1481423.23
bull,36,3,50123.0,130242.65,17698.4,142845.12,9750.83,5860.92,0.0,158456.88,29914.78,128542.09,23151.36,105390.74,150939.7,1632362.92
